{
    "AIGODLIKE-ComfyUI-Translation": 10.64,
    "ComfyI2I": 1.44,
    "ComfyUI-Advanced-ControlNet": 3.3600000000000008,
    "ComfyUI-AnimateDiff-Evolved": 2.4,
    "ComfyUI-BlenderAI-node": 118.96799999999993,
    "Cup-ClipBoard": 10.48,
    "ComfyUI-Custom-Scripts": 0.48,
    "ComfyUI-DepthAnythingV2": 2.0799999999999996,
    "ComfyUI-Documents": 0.64,
    "ComfyUI-ELLA": 0.16,
    "ComfyUI-Easy-Use": 46.087999999999965,
    "ComfyUI-Flowty-TripoSR": 2.4,
    "ComfyUI-Frame-Interpolation": 72.08799999999957,
    "ComfyUI-Griptape": 8.0,
    "ComfyUI-Image-Selector": 0.32,
    "ComfyUI-Impact-Pack": 6.200000000000001,
    "ComfyUI-Inspire-Pack": 4.44,
    "ComfyUI-Iterative-Mixer": 0.32,
    "ComfyUI-KJNodes": 2.76,
    "ComfyUI-LivePortraitKJ": 13.48,
    "ComfyUI-Manager": 17.576000000000004,
    "ComfyUI-Prompt-MZ": 20.040000000000003,
    "ComfyUI-VideoHelperSuite": 2.0799999999999996,
    "ComfyUI-WD14-Tagger": 0.16,
    "ComfyUI-layerdiffuse": 1.9199999999999997,
    "ComfyUI_Comfyroll_CustomNodes": 5.120000000000002,
    "ComfyUI_Custom_Nodes_AlekPet": 7.048,
    "ComfyUI_Cutoff": 0.256,
    "ComfyUI_FizzNodes": 10.32,
    "ComfyUI_IPAdapter_plus": 0.16,
    "ComfyUI_LayerStyle": 145.99999999999892,
    "ComfyUI_MaraScott_Nodes": 3.16,
    "ComfyUI_UltimateSDUpscale": 0.16,
    "ComfyUI_VLM_nodes": 7.6800000000000015,
    "ComfyUI_essentials": 1.12,
    "ComfyUI_tinyterraNodes": 7.6960000000000015,
    "ComfyUi_PromptStylers": 0.32,
    "Comfyui-ChatTTS": 33.19999999999999,
    "KepPromptLang": 9.8,
    "LoadLoraWithTags": 1.7999999999999998,
    "NodeGPT": 38.519999999999996,
    "SeargeSDXL": 15.880000000000003,
    "anynode": 14.8,
    "bilbox-comfyui": 1.28,
    "cg-image-picker": 0.16,
    "comfy_mtb": 82.23999999999984,
    "comfyui-Image-reward": 3.64,
    "comfyui-PromptAttention": 0.16,
    "comfyui-inpaint-nodes": 5.120000000000002,
    "comfyui-lama-remover": 0.16,
    "comfyui-mixlab-nodes": 49.567999999999856,
    "comfyui-profiler": 0.32,
    "comfyui-prompt-control": 0.41600000000000004,
    "comfyui-prompt-reader-node": 3.48,
    "comfyui-reactor-node": 71.59999999999994,
    "comfyui-sound-lab": 23.680000000000017,
    "comfyui-tooling-nodes": 1.7599999999999998,
    "comfyui_controlnet_aux": 724.1599999999828,
    "comfyui_segment_anything": 21.000000000000007,
    "deforum-comfy-nodes": 36.43999999999998,
    "eden_comfy_pipelines": 15.92,
    "efficiency-nodes-comfyui": 0.64,
    "facerestore_cf": 29.360000000000003,
    "masquerade-nodes-comfyui": 3.400000000000001,
    "mikey_nodes": 10.920000000000002,
    "mindsdb": 1051.415999999972,
    "rgthree-comfy": 1.44,
    "was-node-suite-comfyui": 18.400000000000006
}